{
	"objName": "canestro",
	"sounds": [{
			"soundName": "pop",
			"soundID": 0,
			"md5": "83a9787d4cb6f3b7632b4ddfebf74367.wav",
			"sampleCount": 258,
			"rate": 11025,
			"format": ""
		}],
	"costumes": [{
			"costumeName": "canestro",
			"baseLayerID": 0,
			"baseLayerMD5": "767c071e7e03b274d4ee246119344904.png",
			"bitmapResolution": 2,
			"rotationCenterX": 122,
			"rotationCenterY": 130
		}],
	"currentCostumeIndex": 0,
	"scratchX": 0,
	"scratchY": 0,
	"scale": 1,
	"direction": 90,
	"rotationStyle": "normal",
	"isDraggable": false,
	"indexInLibrary": 100000,
	"visible": true,
	"spriteInfo": {
	}
}